{
	"data": [
		{
			"num": "520",
			"imgBg": "./images/content-person7!263x263.jpg",
			"imgHot": "./images/content-hot!48x48.png",
			"description": "曾经的皇族领队，李黑龙，造就了YY上第一哥万人酱。",
			"header": "images/content-person1!94x94.png",
			"title": "YY主播：李晨的冰冰"
		},
		{
			"num": "360",
			"imgBg": "./images/content-person8!263x263.jpg",
			"description": "对生活以及美的热爱，让娜娜如此迷人，不仅是外在的美，还有内在的吸引力。",
			"header": "images/content-person8!94x94.jpg",
			"title": "分贝主播：七哥乔峰"
		},
		{
			"num": "400",
			"imgBg": "./images/content-person9!263x263.jpg",
			"description": "李黑龙，造就了YY上第一哥万人酱曾经的好人卡获得者",
			"header": "images/content-person9!94x94.jpg",
			"title": "YY主播：清秀MM"
		},
		{
			"num": "490",
			"imgBg": "./images/content-person10!263x263.jpg",
			"imgHot": "./images/content-hot!48x48.png",
			"description": "对生活以及美的热爱，让娜娜如此迷人，不仅是外在的美，还有内在的吸引力。",
			"header": "images/content-person10!94x94.jpg",
			"title": "YY主播：可爱娜娜"
		},
		{
			"num": "320",
			"imgBg": "./images/content-person11!263x263.jpg",
			"imgHot": "./images/content-hot!48x48.png",
			"description": "曾经的皇族领队，李黑龙，造就了YY上第一哥万人酱。",
			"header": "images/content-person11!94x94.jpg",
			"title": "YY主播：李晨的冰冰"
		},
		{
			"num": "360",
			"imgBg": "./images/content-person12!263x263.jpg",
			"description": "对生活以及美的热爱，让娜娜如此迷人，不仅是外在的美，还有内在的吸引力。",
			"header": "images/content-person12!94x94.jpg",
			"title": "分贝主播：七哥乔峰"
		},
		{
			"num": "530",
			"imgBg": "./images/content-person13!263x263.jpg",
			"description": "李黑龙，造就了YY上第一哥万人酱曾经的好人卡获得者",
			"header": "images/content-person13!94x94.jpg",
			"title": "YY主播：清秀MM"
		},
		{
			"num": "488",
			"imgBg": "./images/content-person14!263x263.jpg",
			"imgHot": "./images/content-hot!48x48.png",
			"description": "对生活以及美的热爱，让娜娜如此迷人，不仅是外在的美，还有内在的吸引力。",
			"header": "images/content-person8!94x94.jpg",
			"title": "YY主播：可爱娜娜"
		}
	]
}